{"_timestamp":1.7586851673263066e+09,"st_test_mmd_loss":0.08759212493896484,"st_train_rec_loss":-0.35350221395492554,"step":311,"_wandb":{"runtime":103},"early_stop_count":22,"is_best":false,"_step":311,"_runtime":103.733958834,"sm_train_infer_loss":-0.44633471965789795,"sm_test_infer_loss":-0.48985162377357483,"st_test_rec_loss":-0.40218520164489746,"st_train_mmd_loss":0.07583558559417725,"sm_lr":0.0003,"st_lr":3e-05,"best_loss":-0.5220240950584412}